,fsq_id,categories,distance,location,name,timezone
0,4d876291d1854eb9802aaa60,"[{'id': 13003, 'name': 'Bar', 'icon': {'prefix': 'https://ss3.4sqi.net/img/categories_v2/nightlife/pub_', 'suffix': '.png'}}]",9403,"{'address': 'Terminal 3, Departure', 'country': 'IN', 'cross_street': 'Indira Gandhi International Airport', 'formatted_address': 'Terminal 3, Departure (Indira Gandhi International Airport), Delhi 110037, Delhi', 'locality': 'Delhi', 'postcode': '110037', 'region': 'Delhi'}",Smoke House Bar Cafe,Asia/Kolkata
1,4d9f23f5640b5481ee8dd92d,"[{'id': 13009, 'name': 'Cocktail Bar', 'icon': {'prefix': 'https://ss3.4sqi.net/img/categories_v2/nightlife/cocktails_', 'suffix': '.png'}}, {'id': 13065, 'name': 'Restaurant', 'icon': {'prefix': 'https://ss3.4sqi.net/img/categories_v2/food/default_', 'suffix': '.png'}}]",6942,"{'address': 'Manish Location Plaza, 1, Ashirwad', 'address_extended': '3rd Floor', 'country': 'IN', 'cross_street': '', 'formatted_address': 'Manish Location Plaza, 1, Ashirwad, New Delhi 110075, Delhi', 'locality': 'New Delhi', 'postcode': '110075', 'region': 'Delhi'}",Hi Mirchi Restaurant,Asia/Kolkata
2,5400b5ba498eb6b67d7c6a21,"[{'id': 10032, 'name': 'Night Club', 'icon': {'prefix': 'https://ss3.4sqi.net/img/categories_v2/nightlife/nightclub_', 'suffix': '.png'}}, {'id': 13003, 'name': 'Bar', 'icon': {'prefix': 'https://ss3.4sqi.net/img/categories_v2/nightlife/pub_', 'suffix': '.png'}}]",5658,"{'address': 'Dwarka, Sector 13', 'country': 'IN', 'cross_street': '', 'formatted_address': 'Dwarka, Sector 13, New Delhi 941735, Delhi', 'locality': 'New Delhi', 'neighborhood': ['Dwarka'], 'postcode': '941735', 'region': 'Delhi'}",A State of Music- ASOM,Asia/Kolkata
3,536f9922498ed5bb39818eae,"[{'id': 13003, 'name': 'Bar', 'icon': {'prefix': 'https://ss3.4sqi.net/img/categories_v2/nightlife/pub_', 'suffix': '.png'}}]",5690,"{'country': 'IN', 'cross_street': '', 'formatted_address': ''}",Zeppelin,Asia/Kolkata
4,5149e32519a9ebdbd91d4a50,"[{'id': 13003, 'name': 'Bar', 'icon': {'prefix': 'https://ss3.4sqi.net/img/categories_v2/nightlife/pub_', 'suffix': '.png'}}]",5693,"{'address': 'Plot No 4, Sector 13, Dwarka, Radisson Blu Hotel', 'address_extended': 'Next To Metro Station, Dwarka City Centre, Near Igi Airport', 'country': 'IN', 'formatted_address': 'Plot No 4, Sector 13, Dwarka, Radisson Blu Hotel, New Delhi 110078, Delhi', 'locality': 'New Delhi', 'neighborhood': ['Sector 13 Dwarka'], 'postcode': '110078', 'region': 'Delhi'}",Zeppelin The Bar,Asia/Kolkata
5,4d92dd80f10ea093157f1c1e,"[{'id': 13012, 'name': 'Hookah Bar', 'icon': {'prefix': 'https://ss3.4sqi.net/img/categories_v2/nightlife/hookahbar_', 'suffix': '.png'}}]",6670,"{'address': 'Dawarka Sector 12', 'country': 'IN', 'cross_street': '', 'formatted_address': 'Dawarka Sector 12, New Delhi 110075, Delhi', 'locality': 'New Delhi', 'postcode': '110075', 'region': 'Delhi'}",Waterpipe Lounge,Asia/Kolkata
6,52fceefc498e29e90e338230,"[{'id': 13016, 'name': 'Lounge', 'icon': {'prefix': 'https://ss3.4sqi.net/img/categories_v2/nightlife/default_', 'suffix': '.png'}}, {'id': 13025, 'name': 'Wine Bar', 'icon': {'prefix': 'https://ss3.4sqi.net/img/categories_v2/food/winery_', 'suffix': '.png'}}, {'id': 13065, 'name': 'Restaurant', 'icon': {'prefix': 'https://ss3.4sqi.net/img/categories_v2/food/default_', 'suffix': '.png'}}]",6995,"{'address': 'Malik Plaza, Level 3 .And 4, Sector-4', 'country': 'IN', 'cross_street': '', 'formatted_address': 'Malik Plaza, Level 3 .And 4, Sector-4, New Delhi 110075', 'locality': 'New Delhi', 'postcode': '110075'}",City 75,Asia/Kolkata
7,51978991498e0d5ad207ba84,"[{'id': 13003, 'name': 'Bar', 'icon': {'prefix': 'https://ss3.4sqi.net/img/categories_v2/nightlife/pub_', 'suffix': '.png'}}]",7751,"{'address': 'Sector 10', 'country': 'IN', 'cross_street': 'Dwarka', 'formatted_address': 'Sector 10 (Dwarka), New Delhi 110075, Delhi', 'locality': 'New Delhi', 'postcode': '110075', 'region': 'Delhi'}",Fire And Ice,Asia/Kolkata
8,500ad755e4b0a62ff4723f9e,"[{'id': 13016, 'name': 'Lounge', 'icon': {'prefix': 'https://ss3.4sqi.net/img/categories_v2/nightlife/default_', 'suffix': '.png'}}]",7940,"{'address': 'Sector 5', 'country': 'IN', 'cross_street': 'Dwarka', 'formatted_address': 'Sector 5 (Dwarka), 110075, Delhi', 'postcode': '110075', 'region': 'Delhi'}",Dilli Bar And Lounge,Asia/Kolkata
9,51433baee4b01105926b131f,"[{'id': 13016, 'name': 'Lounge', 'icon': {'prefix': 'https://ss3.4sqi.net/img/categories_v2/nightlife/default_', 'suffix': '.png'}}]",8440,"{'address': 'Sector 11', 'country': 'IN', 'cross_street': 'Dwarka', 'formatted_address': 'Sector 11 (Dwarka), New Delhi 110075, Delhi', 'locality': 'New Delhi', 'postcode': '110075', 'region': 'Delhi'}",Spice Shot,Asia/Kolkata
10,58ee1bc530ecc6502e8e3c76,"[{'id': 13009, 'name': 'Cocktail Bar', 'icon': {'prefix': 'https://ss3.4sqi.net/img/categories_v2/nightlife/cocktails_', 'suffix': '.png'}}]",8733,"{'country': 'IN', 'cross_street': '', 'formatted_address': 'New Delhi 110061, Delhi', 'locality': 'New Delhi', 'postcode': '110061', 'region': 'Delhi'}",Tipples,Asia/Kolkata
11,4f41030ee4b024a969e71ee2,"[{'id': 13016, 'name': 'Lounge', 'icon': {'prefix': 'https://ss3.4sqi.net/img/categories_v2/nightlife/default_', 'suffix': '.png'}}]",9476,"{'address': 'Ma-1/6, 3D', 'country': 'IN', 'cross_street': 'Garden Estate', 'formatted_address': 'Ma-1/6, 3D (Garden Estate), Gurgaon 122002, Haryﾄ］a', 'locality': 'Gurgaon', 'postcode': '122002', 'region': 'Haryﾄ］a'}",Yell-Oh!,Asia/Kolkata
12,51b37534498e23846189a9b9,"[{'id': 13024, 'name': 'Whisky Bar', 'icon': {'prefix': 'https://ss3.4sqi.net/img/categories_v2/nightlife/whiskey_', 'suffix': '.png'}}]",9510,"{'address': 'J Block', 'country': 'IN', 'cross_street': 'Palam Vihar', 'formatted_address': 'J Block (Palam Vihar), Gurgaon 122017, Haryﾄ］a', 'locality': 'Gurgaon', 'postcode': '122017', 'region': 'Haryﾄ］a'}",Maple Town and County Club,Asia/Kolkata
13,4c6cb3ca3fbf76b0df2f401c,"[{'id': 13003, 'name': 'Bar', 'icon': {'prefix': 'https://ss3.4sqi.net/img/categories_v2/nightlife/pub_', 'suffix': '.png'}}, {'id': 13199, 'name': 'Indian Restaurant', 'icon': {'prefix': 'https://ss3.4sqi.net/img/categories_v2/food/indian_', 'suffix': '.png'}}]",9939,"{'address': 'Safdarjung Enclave Mkt', 'country': 'IN', 'cross_street': '', 'formatted_address': 'Safdarjung Enclave Mkt, New Delhi 110029, Delhi', 'locality': 'New Delhi', 'postcode': '110029', 'region': 'Delhi'}",Rajinder Da Dhaba,Asia/Kolkata
14,0f6ca1a652e64ad9b57de250,"[{'id': 13003, 'name': 'Bar', 'icon': {'prefix': 'https://ss3.4sqi.net/img/categories_v2/nightlife/pub_', 'suffix': '.png'}}]",6121,"{'address': 'City Centre Mall, Food Court, Pocket 8, B Block, Sector 12', 'country': 'IN', 'formatted_address': 'City Centre Mall, Food Court, Pocket 8, B Block, Sector 12, New Delhi 110078, Delhi', 'locality': 'New Delhi', 'neighborhood': ['Sector 12 Dwarka'], 'postcode': '110078', 'region': 'Delhi'}",Drool Canteen,
15,27616f1117a14db7d1e28bcf,"[{'id': 13003, 'name': 'Bar', 'icon': {'prefix': 'https://ss3.4sqi.net/img/categories_v2/nightlife/pub_', 'suffix': '.png'}}]",6386,"{'address': 'Plot 2, Ashish Plaza, Sector 12', 'country': 'IN', 'formatted_address': 'Plot 2, Ashish Plaza, Sector 12, New Delhi 110078, Delhi', 'locality': 'New Delhi', 'neighborhood': ['Sector 12 Dwarka'], 'postcode': '110078', 'region': 'Delhi'}",Barshala,
16,eb7b3e817d9a417447e3e658,"[{'id': 13003, 'name': 'Bar', 'icon': {'prefix': 'https://ss3.4sqi.net/img/categories_v2/nightlife/pub_', 'suffix': '.png'}}]",6688,"{'address': '146A, Mansaram Park', 'address_extended': 'Opposite Mohan Garden Bus Stop, Uttam', 'country': 'IN', 'formatted_address': '146A, Mansaram Park, New Delhi 110059, Delhi', 'locality': 'New Delhi', 'neighborhood': ['Mohan Garden'], 'postcode': '110059', 'region': 'Delhi'}",Bartech Systems and Automations Pvt. Ltd.,
17,cf7a6d7dde0544531876c2d9,"[{'id': 13009, 'name': 'Cocktail Bar', 'icon': {'prefix': 'https://ss3.4sqi.net/img/categories_v2/nightlife/cocktails_', 'suffix': '.png'}}, {'id': 13065, 'name': 'Restaurant', 'icon': {'prefix': 'https://ss3.4sqi.net/img/categories_v2/food/default_', 'suffix': '.png'}}]",6897,"{'address': '1, Manish Location Plaza, Ashirwad Chowk, Sector 12', 'address_extended': '3rd Floor', 'country': 'IN', 'formatted_address': '1, Manish Location Plaza, Ashirwad Chowk, Sector 12, New Delhi 110075, Delhi', 'locality': 'New Delhi', 'neighborhood': ['Dwarka'], 'postcode': '110075', 'region': 'Delhi'}",Hi Mircheee,
18,e2acc82499e74e638e085995,"[{'id': 13003, 'name': 'Bar', 'icon': {'prefix': 'https://ss3.4sqi.net/img/categories_v2/nightlife/pub_', 'suffix': '.png'}}, {'id': 13065, 'name': 'Restaurant', 'icon': {'prefix': 'https://ss3.4sqi.net/img/categories_v2/food/default_', 'suffix': '.png'}}]",7181,"{'address': 'City75 Club .And Terrace, 3rd .And, Plot No.5, Sector-4, Ashirwad', 'address_extended': '4th Floor', 'country': 'IN', 'formatted_address': 'City75 Club .And Terrace, 3rd .And, Plot No.5, Sector-4, Ashirwad, 110075', 'postcode': '110075'}",City 75 Club and Terrace,
19,7fd12cc356ec4a5da6f170ab,"[{'id': 13003, 'name': 'Bar', 'icon': {'prefix': 'https://ss3.4sqi.net/img/categories_v2/nightlife/pub_', 'suffix': '.png'}}, {'id': 13065, 'name': 'Restaurant', 'icon': {'prefix': 'https://ss3.4sqi.net/img/categories_v2/food/default_', 'suffix': '.png'}}]",7624,"{'country': 'IN', 'formatted_address': '110075, Delhi', 'postcode': '110075', 'region': 'Delhi'}",Red Frog,
20,5a04460f4420d82b68b62c62,"[{'id': 13043, 'name': 'Donut Shop', 'icon': {'prefix': 'https://ss3.4sqi.net/img/categories_v2/food/donuts_', 'suffix': '.png'}}]",6098,"{'country': 'IN', 'cross_street': '', 'formatted_address': 'Delhi 110075, Delhi', 'locality': 'Delhi', 'postcode': '110075', 'region': 'Delhi'}",Dunkin',Asia/Kolkata
21,53c81a3b498ec7a7ec936695,"[{'id': 13046, 'name': 'Ice Cream Parlor', 'icon': {'prefix': 'https://ss3.4sqi.net/img/categories_v2/food/icecream_', 'suffix': '.png'}}]",5978,"{'address': 'Sector 12', 'country': 'IN', 'cross_street': 'Dwarka', 'formatted_address': 'Sector 12 (Dwarka), New Delhi 936695, Delhi', 'locality': 'New Delhi', 'postcode': '936695', 'region': 'Delhi'}",Giani Ice Cream,Asia/Kolkata
22,4ffc1136e4b095dbe1c49a92,"[{'id': 13046, 'name': 'Ice Cream Parlor', 'icon': {'prefix': 'https://ss3.4sqi.net/img/categories_v2/food/icecream_', 'suffix': '.png'}}]",6550,"{'address': 'Dwarka Sector 12', 'country': 'IN', 'cross_street': '', 'formatted_address': 'Dwarka Sector 12'}",Baskin Robins,Asia/Kolkata
23,5398481c498e75c4afb7327d,"[{'id': 13040, 'name': 'Dessert Shop', 'icon': {'prefix': 'https://ss3.4sqi.net/img/categories_v2/food/dessert_', 'suffix': '.png'}}]",6871,"{'address': 'Sector 4 Market', 'country': 'IN', 'cross_street': 'Dwarka', 'formatted_address': 'Sector 4 Market (Dwarka), New Delhi 597818, Delhi', 'locality': 'New Delhi', 'postcode': '597818', 'region': 'Delhi'}",Anand Aggarwal Sweets,Asia/Kolkata
24,4f7ebea8e4b083151641e89c,"[{'id': 13040, 'name': 'Dessert Shop', 'icon': {'prefix': 'https://ss3.4sqi.net/img/categories_v2/food/dessert_', 'suffix': '.png'}}]",6899,"{'country': 'IN', 'cross_street': '', 'formatted_address': ''}",Cocoberry,Asia/Kolkata
25,4cc18d781da0a1cdb2b09ac6,"[{'id': 13046, 'name': 'Ice Cream Parlor', 'icon': {'prefix': 'https://ss3.4sqi.net/img/categories_v2/food/icecream_', 'suffix': '.png'}}]",6945,"{'address': 'Sector 11', 'country': 'IN', 'cross_street': '', 'formatted_address': 'Sector 11, New Delhi, Delhi', 'locality': 'New Delhi', 'region': 'Delhi'}",Mother Dairy,Asia/Kolkata
26,4fcf4e1ee4b0aebeec44c957,"[{'id': 13044, 'name': 'Frozen Yogurt Shop', 'icon': {'prefix': 'https://ss3.4sqi.net/img/categories_v2/food/frozenyogurt_', 'suffix': '.png'}}, {'id': 13065, 'name': 'Restaurant', 'icon': {'prefix': 'https://ss3.4sqi.net/img/categories_v2/food/default_', 'suffix': '.png'}}]",7273,"{'address': 'Sector 5 Market', 'country': 'IN', 'cross_street': 'Dwarka', 'formatted_address': 'Sector 5 Market (Dwarka), 110075, Delhi', 'postcode': '110075', 'region': 'Delhi'}",Cocoberry,Asia/Kolkata
27,4f6b39ae7bebf48a255e717f,"[{'id': 13046, 'name': 'Ice Cream Parlor', 'icon': {'prefix': 'https://ss3.4sqi.net/img/categories_v2/food/icecream_', 'suffix': '.png'}}]",7501,"{'address': 'G-3, Plot No.2, Manish Twin Plaza, Sec-4', 'country': 'IN', 'formatted_address': 'G-3, Plot No.2, Manish Twin Plaza, Sec-4, Delhi 110078, Delhi', 'locality': 'Delhi', 'postcode': '110078', 'region': 'Delhi'}",Amul Scooping Parlour,Asia/Kolkata
28,5082e419e4b03db17668e3fb,"[{'id': 13046, 'name': 'Ice Cream Parlor', 'icon': {'prefix': 'https://ss3.4sqi.net/img/categories_v2/food/icecream_', 'suffix': '.png'}}]",7652,"{'country': 'IN', 'cross_street': '', 'formatted_address': ''}",Nirulas,Asia/Kolkata
29,4ff87d54e4b0cc077e8422ae,"[{'id': 13040, 'name': 'Dessert Shop', 'icon': {'prefix': 'https://ss3.4sqi.net/img/categories_v2/food/dessert_', 'suffix': '.png'}}, {'id': 13065, 'name': 'Restaurant', 'icon': {'prefix': 'https://ss3.4sqi.net/img/categories_v2/food/default_', 'suffix': '.png'}}]",7676,"{'address': 'G-2, Sector 10, Dwarka, Market', 'country': 'IN', 'cross_street': '', 'formatted_address': 'G-2, Sector 10, Dwarka, Market, New Delhi 110005, Delhi', 'locality': 'New Delhi', 'neighborhood': ['Dwarka'], 'postcode': '110005', 'region': 'Delhi'}",Giani Ice Cream,Asia/Kolkata
30,5395c751498ea90b2e64acc4,"[{'id': 13040, 'name': 'Dessert Shop', 'icon': {'prefix': 'https://ss3.4sqi.net/img/categories_v2/food/dessert_', 'suffix': '.png'}}]",7766,"{'country': 'IN', 'cross_street': '', 'formatted_address': ''}",Bikaner Sweets,Asia/Kolkata
31,5b4b640dba57b4002cc6f0cb,"[{'id': 13046, 'name': 'Ice Cream Parlor', 'icon': {'prefix': 'https://ss3.4sqi.net/img/categories_v2/food/icecream_', 'suffix': '.png'}}]",8223,"{'country': 'IN', 'cross_street': '', 'formatted_address': 'New Delhi 110061, Delhi', 'locality': 'New Delhi', 'postcode': '110061', 'region': 'Delhi'}",Giani Ice Cream,Asia/Kolkata
32,4f6b39ae7bebf48a255e7187,"[{'id': 13046, 'name': 'Ice Cream Parlor', 'icon': {'prefix': 'https://ss3.4sqi.net/img/categories_v2/food/icecream_', 'suffix': '.png'}}]",8882,"{'address': 'Near Sanatan Dharam Mandir, N-66, Mangal Bazar, Uttam', 'country': 'IN', 'formatted_address': 'Near Sanatan Dharam Mandir, N-66, Mangal Bazar, Uttam, Delhi 110059, Delhi', 'locality': 'Delhi', 'postcode': '110059', 'region': 'Delhi'}",Amul Scooping Parlour,Asia/Kolkata
33,4f6b39ae7bebf48a255e7172,"[{'id': 13046, 'name': 'Ice Cream Parlor', 'icon': {'prefix': 'https://ss3.4sqi.net/img/categories_v2/food/icecream_', 'suffix': '.png'}}]",8917,"{'address': 'Shop No.G-4, Plot No-2, Manish Twin Plaza-i, Dwarka Sec-ii', 'country': 'IN', 'formatted_address': 'Shop No.G-4, Plot No-2, Manish Twin Plaza-i, Dwarka Sec-ii, Delhi 110075, Delhi', 'locality': 'Delhi', 'postcode': '110075', 'region': 'Delhi'}",Amul Scooping Parlour,Asia/Kolkata
34,53339e43498e46062b26fe4a,"[{'id': 13040, 'name': 'Dessert Shop', 'icon': {'prefix': 'https://ss3.4sqi.net/img/categories_v2/food/dessert_', 'suffix': '.png'}}]",8991,"{'address': 'Sector - 2', 'country': 'IN', 'cross_street': '', 'formatted_address': 'Sector - 2, New Delhi 110075, Delhi', 'locality': 'New Delhi', 'postcode': '110075', 'region': 'Delhi'}",Mother Dairy,Asia/Kolkata
35,4da9aab16a2303012ef9dd12,"[{'id': 13040, 'name': 'Dessert Shop', 'icon': {'prefix': 'https://ss3.4sqi.net/img/categories_v2/food/dessert_', 'suffix': '.png'}}]",9002,"{'address': 'C-3, Sector 12', 'country': 'IN', 'cross_street': 'Dwarka', 'formatted_address': 'C-3, Sector 12 (Dwarka), New Delhi 110075, Delhi', 'locality': 'New Delhi', 'postcode': '110075', 'region': 'Delhi'}",Baskin Robbins,Asia/Kolkata
36,521630f711d235bf534b0828,"[{'id': 13046, 'name': 'Ice Cream Parlor', 'icon': {'prefix': 'https://ss3.4sqi.net/img/categories_v2/food/icecream_', 'suffix': '.png'}}]",9155,"{'address': 'Sector 7 Market', 'country': 'IN', 'cross_street': 'Dwarka', 'formatted_address': 'Sector 7 Market (Dwarka), Delhi 110075, Delhi', 'locality': 'Delhi', 'postcode': '110075', 'region': 'Delhi'}",Giani Icecream parlour,Asia/Kolkata
37,517c0d2e498ea18af186e9bf,"[{'id': 13044, 'name': 'Frozen Yogurt Shop', 'icon': {'prefix': 'https://ss3.4sqi.net/img/categories_v2/food/frozenyogurt_', 'suffix': '.png'}}]",9876,"{'address': 'Pacific Mall', 'country': 'IN', 'cross_street': '', 'formatted_address': 'Pacific Mall'}",Yogen Fruz (Pacific Mall),Asia/Kolkata
38,55842a77498e34732de08f8e,"[{'id': 13046, 'name': 'Ice Cream Parlor', 'icon': {'prefix': 'https://ss3.4sqi.net/img/categories_v2/food/icecream_', 'suffix': '.png'}}, {'id': 13065, 'name': 'Restaurant', 'icon': {'prefix': 'https://ss3.4sqi.net/img/categories_v2/food/default_', 'suffix': '.png'}}]",24316,"{'address': 'G-64/A, Select Citywalk Mall, Saket', 'country': 'IN', 'cross_street': 'Saket', 'formatted_address': 'G-64/A, Select Citywalk Mall, Saket (Saket), New Delhi 110020, Delhi', 'locality': 'New Delhi', 'neighborhood': ['Saket'], 'postcode': '110020', 'region': 'Delhi'}",Gelato Vinto,Asia/Kolkata
39,4ea7dad99a526de96a74f553,"[{'id': 13002, 'name': 'Bakery', 'icon': {'prefix': 'https://ss3.4sqi.net/img/categories_v2/food/bakery_', 'suffix': '.png'}}, {'id': 13040, 'name': 'Dessert Shop', 'icon': {'prefix': 'https://ss3.4sqi.net/img/categories_v2/food/dessert_', 'suffix': '.png'}}]",31229,"{'address': 'Sector 6 Market', 'country': 'IN', 'cross_street': 'Dwarka', 'formatted_address': 'Sector 6 Market (Dwarka), New Delhi 941735, Delhi', 'locality': 'New Delhi', 'postcode': '941735', 'region': 'Delhi'}",Puffs N' Cakes,Asia/Kolkata
40,4d5f896c1496370412e8d894,"[{'id': 13099, 'name': 'Chinese Restaurant', 'icon': {'prefix': 'https://ss3.4sqi.net/img/categories_v2/food/asian_', 'suffix': '.png'}}]",6876,"{'address': 'Dwarka', 'country': 'IN', 'formatted_address': 'Dwarka, Delhi 110075, Delhi', 'locality': 'Delhi', 'postcode': '110075', 'region': 'Delhi'}",Golden Dragon,Asia/Kolkata
41,50f9767ce4b01eec9a480622,"[{'id': 13099, 'name': 'Chinese Restaurant', 'icon': {'prefix': 'https://ss3.4sqi.net/img/categories_v2/food/asian_', 'suffix': '.png'}}]",5530,"{'country': 'IN', 'cross_street': 'Dwarka', 'formatted_address': 'Dwarka, Delhi 480622, Delhi', 'locality': 'Delhi', 'postcode': '480622', 'region': 'Delhi'}",Berco's,Asia/Kolkata
42,50d6d789498ee282996ddce4,"[{'id': 13099, 'name': 'Chinese Restaurant', 'icon': {'prefix': 'https://ss3.4sqi.net/img/categories_v2/food/asian_', 'suffix': '.png'}}]",6643,"{'address': 'Manish Metro Plaza - 1, Plot No. 1, Pocket - 5, Sect 12', 'address_extended': '1st Floor', 'country': 'IN', 'cross_street': '', 'formatted_address': 'Manish Metro Plaza - 1, Plot No. 1, Pocket - 5, Sect 12, Delhi 110075, Delhi', 'locality': 'Delhi', 'neighborhood': ['Dwarka'], 'postcode': '110075', 'region': 'Delhi'}",Berco's,Asia/Kolkata
43,4fce27fde4b084c4a30a26f9,"[{'id': 13099, 'name': 'Chinese Restaurant', 'icon': {'prefix': 'https://ss3.4sqi.net/img/categories_v2/food/asian_', 'suffix': '.png'}}]",7292,"{'country': 'IN', 'cross_street': '', 'formatted_address': ''}",Chinese Mirchi,Asia/Kolkata
44,4c6fbfbed7fab1f7323c5cc9,"[{'id': 13099, 'name': 'Chinese Restaurant', 'icon': {'prefix': 'https://ss3.4sqi.net/img/categories_v2/food/asian_', 'suffix': '.png'}}]",8017,"{'address': 'Dwarka', 'country': 'IN', 'cross_street': '', 'formatted_address': 'Dwarka, Delhi 480622, Delhi', 'locality': 'Delhi', 'postcode': '480622', 'region': 'Delhi'}",Berco's,Asia/Kolkata
45,544a74ce498e5b1f7a9c1a2c,"[{'id': 13099, 'name': 'Chinese Restaurant', 'icon': {'prefix': 'https://ss3.4sqi.net/img/categories_v2/food/asian_', 'suffix': '.png'}}]",8026,"{'address': 'Itc Welcom Hotel', 'country': 'IN', 'cross_street': 'Sector 10, Dwarka', 'formatted_address': 'Itc Welcom Hotel (Sector 10, Dwarka), New Delhi 110075, Delhi', 'locality': 'New Delhi', 'postcode': '110075', 'region': 'Delhi'}",Shanghai Club,Asia/Kolkata
46,4fa644aae4b0e7038bea8c18,"[{'id': 13099, 'name': 'Chinese Restaurant', 'icon': {'prefix': 'https://ss3.4sqi.net/img/categories_v2/food/asian_', 'suffix': '.png'}}]",8210,"{'country': 'IN', 'cross_street': '', 'formatted_address': ''}",D.K Chinese Food,Asia/Kolkata
47,4eef76a3f790c40a8c51f684,"[{'id': 13099, 'name': 'Chinese Restaurant', 'icon': {'prefix': 'https://ss3.4sqi.net/img/categories_v2/food/asian_', 'suffix': '.png'}}]",8539,"{'address': 'Uttam', 'country': 'IN', 'cross_street': '', 'formatted_address': 'Uttam'}",Momo Point,Asia/Kolkata
48,5b100836b2958f002c668ee6,"[{'id': 13099, 'name': 'Chinese Restaurant', 'icon': {'prefix': 'https://ss3.4sqi.net/img/categories_v2/food/asian_', 'suffix': '.png'}}]",8930,"{'country': 'IN', 'cross_street': 'Shiksha Bharati School Road', 'formatted_address': 'Shiksha Bharati School Road, New Delhi 110045, Delhi', 'locality': 'New Delhi', 'postcode': '110045', 'region': 'Delhi'}",Kitchen Caboodle (KC),Asia/Kolkata
49,4c26ff6d905a0f4720506460,"[{'id': 13099, 'name': 'Chinese Restaurant', 'icon': {'prefix': 'https://ss3.4sqi.net/img/categories_v2/food/asian_', 'suffix': '.png'}}]",9119,"{'address': 'C Block', 'country': 'IN', 'cross_street': 'Vasant Vihar', 'formatted_address': 'C Block (Vasant Vihar), New Delhi, Delhi', 'locality': 'New Delhi', 'region': 'Delhi'}",Golden Dragon,Asia/Kolkata
50,51336120e4b0a2e131f8ef41,"[{'id': 13099, 'name': 'Chinese Restaurant', 'icon': {'prefix': 'https://ss3.4sqi.net/img/categories_v2/food/asian_', 'suffix': '.png'}}]",9229,"{'address': 'Dwarka', 'country': 'IN', 'cross_street': '', 'formatted_address': 'Dwarka'}",Hot Pot Van,Asia/Kolkata
51,4f2408c5e4b0ed3397f0ceab,"[{'id': 13099, 'name': 'Chinese Restaurant', 'icon': {'prefix': 'https://ss3.4sqi.net/img/categories_v2/food/asian_', 'suffix': '.png'}}]",9246,"{'address': 'A Block, Janakpuri', 'country': 'IN', 'cross_street': '', 'formatted_address': 'A Block, Janakpuri, New Delhi, Delhi', 'locality': 'New Delhi', 'region': 'Delhi'}",Chef's Station,Asia/Kolkata
52,0f8d74ea17af4b19f5fbd1ff,"[{'id': 13099, 'name': 'Chinese Restaurant', 'icon': {'prefix': 'https://ss3.4sqi.net/img/categories_v2/food/asian_', 'suffix': '.png'}}]",6537,"{'address': 'G-3, Malik Buildcon Plaza Ii, Plot No 6, Pocket 5, Sector 12, K.M', 'country': 'IN', 'formatted_address': 'G-3, Malik Buildcon Plaza Ii, Plot No 6, Pocket 5, Sector 12, K.M, 110075', 'neighborhood': ['Dwarka'], 'postcode': '110075'}",Salwa,
53,8bb01bf4f4a34ba5f97fb4e5,"[{'id': 13099, 'name': 'Chinese Restaurant', 'icon': {'prefix': 'https://ss3.4sqi.net/img/categories_v2/food/asian_', 'suffix': '.png'}}]",7015,"{'address': 'Shop No. G 1A, Vikas Surya Plaza, Plot No. 1, Sector 4', 'country': 'IN', 'formatted_address': 'Shop No. G 1A, Vikas Surya Plaza, Plot No. 1, Sector 4, 110075, Delhi', 'neighborhood': ['Dwarka'], 'postcode': '110075', 'region': 'Delhi'}",Chinese Mirchi,
54,9f7c921bef1241dab9edef06,"[{'id': 13099, 'name': 'Chinese Restaurant', 'icon': {'prefix': 'https://ss3.4sqi.net/img/categories_v2/food/asian_', 'suffix': '.png'}}]",8627,"{'country': 'IN', 'formatted_address': '201014', 'postcode': '201014'}",Let's Noodle,
55,9a781ee5e9fd466f316afb7f,"[{'id': 13099, 'name': 'Chinese Restaurant', 'icon': {'prefix': 'https://ss3.4sqi.net/img/categories_v2/food/asian_', 'suffix': '.png'}}]",9348,"{'address': ""F-2497, Ansal's Palam Vihar. Gurgaon, Gurgaon Palam Vihar"", 'country': 'IN', 'formatted_address': ""F-2497, Ansal's Palam Vihar. Gurgaon, Gurgaon Palam Vihar, 524605, Haryana"", 'postcode': '524605', 'region': 'Haryana'}",Chinese Language Bureau,
56,fdab8ffee34f4966c2b92e72,"[{'id': 13099, 'name': 'Chinese Restaurant', 'icon': {'prefix': 'https://ss3.4sqi.net/img/categories_v2/food/asian_', 'suffix': '.png'}}]",9957,"{'address': 'Shop No Sf 13, Palam Vihar', 'address_extended': '2nd Floor', 'country': 'IN', 'formatted_address': 'Shop No Sf 13, Palam Vihar, 122017, Haryana', 'neighborhood': ['Palam Vihar'], 'postcode': '122017', 'region': 'Haryana'}",Toss,
57,5030b74ee4b0b5d01dbf88dc,"[{'id': 13199, 'name': 'Indian Restaurant', 'icon': {'prefix': 'https://ss3.4sqi.net/img/categories_v2/food/indian_', 'suffix': '.png'}}]",9762,"{'address': 'Janak', 'country': 'IN', 'cross_street': '', 'formatted_address': 'Janak, 941735', 'postcode': '941735'}",Shree Maakhan,Asia/Kolkata
58,552aa153498e4c93512c130d,"[{'id': 13218, 'name': 'North Indian Restaurant', 'icon': {'prefix': 'https://ss3.4sqi.net/img/categories_v2/food/default_', 'suffix': '.png'}}]",4421,"{'address': 'National Law University', 'country': 'IN', 'cross_street': 'Dwarka Sec 16C', 'formatted_address': 'National Law University (Dwarka Sec 16C), New Delhi 110078, Delhi', 'locality': 'New Delhi', 'postcode': '110078', 'region': 'Delhi'}",Amritsari Naan (Street food),Asia/Kolkata
59,5c12259300b068002d39f333,"[{'id': 13199, 'name': 'Indian Restaurant', 'icon': {'prefix': 'https://ss3.4sqi.net/img/categories_v2/food/indian_', 'suffix': '.png'}}]",5588,"{'address': '97 A, Sector 13', 'country': 'IN', 'cross_street': '', 'formatted_address': '97 A, Sector 13, Delhi 110078, Delhi', 'locality': 'Delhi', 'neighborhood': ['Sector 13 Dwarka'], 'postcode': '110078', 'region': 'Delhi'}",Cafe Di Milano,Asia/Kolkata
60,533d84d5498e17a3da5e2c82,"[{'id': 13199, 'name': 'Indian Restaurant', 'icon': {'prefix': 'https://ss3.4sqi.net/img/categories_v2/food/indian_', 'suffix': '.png'}}]",6279,"{'country': 'IN', 'cross_street': '', 'formatted_address': '941735', 'postcode': '941735'}",Mughalai Express,Asia/Kolkata
61,4ec7d0b9b8f758db74977d4e,"[{'id': 13199, 'name': 'Indian Restaurant', 'icon': {'prefix': 'https://ss3.4sqi.net/img/categories_v2/food/indian_', 'suffix': '.png'}}]",6325,"{'country': 'IN', 'cross_street': '', 'formatted_address': '941735', 'postcode': '941735'}",New Kadimi,Asia/Kolkata
62,56f7f433cd10d6866350ed05,"[{'id': 13201, 'name': 'Awadhi Restaurant', 'icon': {'prefix': 'https://ss3.4sqi.net/img/categories_v2/food/default_', 'suffix': '.png'}}]",7162,"{'country': 'IN', 'cross_street': '', 'formatted_address': '595647', 'postcode': '595647'}",Singh Sahib,Asia/Kolkata
63,4e13360e62e1d997a6af179b,"[{'id': 13199, 'name': 'Indian Restaurant', 'icon': {'prefix': 'https://ss3.4sqi.net/img/categories_v2/food/indian_', 'suffix': '.png'}}]",7681,"{'address': 'M2K, Sector 3', 'country': 'IN', 'cross_street': 'rohini', 'formatted_address': 'M2K, Sector 3 (rohini), Delhi 941735, Delhi', 'locality': 'Delhi', 'postcode': '941735', 'region': 'Delhi'}",J W Mirage,Asia/Kolkata
64,4fe1ebece4b0bc932ffcef33,"[{'id': 13199, 'name': 'Indian Restaurant', 'icon': {'prefix': 'https://ss3.4sqi.net/img/categories_v2/food/indian_', 'suffix': '.png'}}]",7905,"{'country': 'IN', 'cross_street': '', 'formatted_address': '941735', 'postcode': '941735'}",Fire 'N' Ice,Asia/Kolkata
65,4d53e329dcb1a143a620b8bf,"[{'id': 13199, 'name': 'Indian Restaurant', 'icon': {'prefix': 'https://ss3.4sqi.net/img/categories_v2/food/indian_', 'suffix': '.png'}}]",7918,"{'address': 'Manish Abhimav Market', 'country': 'IN', 'cross_street': 'Shop No G 7-8 , RD Rajpal School', 'formatted_address': 'Manish Abhimav Market (Shop No G 7-8 , RD Rajpal School), New Delhi 110075, Delhi', 'locality': 'New Delhi', 'postcode': '110075', 'region': 'Delhi'}",Khopcha,Asia/Kolkata
66,4e05aa1318a8382643a85cdc,"[{'id': 13199, 'name': 'Indian Restaurant', 'icon': {'prefix': 'https://ss3.4sqi.net/img/categories_v2/food/indian_', 'suffix': '.png'}}]",7950,"{'address': 'Sector 6 Market', 'country': 'IN', 'cross_street': 'Dwarka', 'formatted_address': 'Sector 6 Market (Dwarka), New Delhi 110075, Delhi', 'locality': 'New Delhi', 'postcode': '110075', 'region': 'Delhi'}",Pind Balluchi,Asia/Kolkata
67,4eef78587ee5f45388fda61f,"[{'id': 13199, 'name': 'Indian Restaurant', 'icon': {'prefix': 'https://ss3.4sqi.net/img/categories_v2/food/indian_', 'suffix': '.png'}}]",9362,"{'address': 'Arya Samaaj Road', 'country': 'IN', 'cross_street': 'Uttam Nagar', 'formatted_address': 'Arya Samaaj Road (Uttam Nagar), New Delhi 110059, Delhi', 'locality': 'New Delhi', 'postcode': '110059', 'region': 'Delhi'}",Punjabi Chole Bhaturey,Asia/Kolkata
68,7cda87cf4c06414b3f3d73f9,"[{'id': 13199, 'name': 'Indian Restaurant', 'icon': {'prefix': 'https://ss3.4sqi.net/img/categories_v2/food/indian_', 'suffix': '.png'}}]",2584,"{'address': '1640 A, Thana Road', 'address_extended': '1st Floor', 'country': 'IN', 'formatted_address': '1640 A, Thana Road, New Delhi 110043, Delhi', 'locality': 'New Delhi', 'neighborhood': ['Najafgarh'], 'postcode': '110043', 'region': 'Delhi'}",3H Haveli,
69,e2bc2a1158734f42d19a5398,"[{'id': 13199, 'name': 'Indian Restaurant', 'icon': {'prefix': 'https://ss3.4sqi.net/img/categories_v2/food/indian_', 'suffix': '.png'}}]",2667,"{'address': '1631 Opposite Canara Bank, Najafgarh, ', 'country': 'IN', 'formatted_address': '1631 Opposite Canara Bank, Najafgarh, , New Delhi 110043, Delhi', 'locality': 'New Delhi', 'neighborhood': ['Najafgarh'], 'postcode': '110043', 'region': 'Delhi'}",Bite N Sip Restaurant,
70,71b4366afa0c4580a7f74b3b,"[{'id': 13199, 'name': 'Indian Restaurant', 'icon': {'prefix': 'https://ss3.4sqi.net/img/categories_v2/food/indian_', 'suffix': '.png'}}]",6116,"{'address': 'City Centre Mall, 9, Ground Floor, Food Court, Sector 12', 'country': 'IN', 'formatted_address': 'City Centre Mall, 9, Ground Floor, Food Court, Sector 12, New Delhi 110078, Delhi', 'locality': 'New Delhi', 'neighborhood': ['Sector 12 Dwarka'], 'postcode': '110078', 'region': 'Delhi'}",Moti Mahal Delux,
71,d58b11d45b4848d1e8c538fe,"[{'id': 13199, 'name': 'Indian Restaurant', 'icon': {'prefix': 'https://ss3.4sqi.net/img/categories_v2/food/indian_', 'suffix': '.png'}}]",6330,"{'address': 'Najafgarh Road', 'country': 'IN', 'formatted_address': 'Najafgarh Road, New Delhi 110059, Delhi', 'locality': 'New Delhi', 'neighborhood': ['Bhagwati Garden Extension'], 'postcode': '110059', 'region': 'Delhi'}",Wah Ji Wah,
72,6060c5fd155e4ed857be13ba,"[{'id': 13199, 'name': 'Indian Restaurant', 'icon': {'prefix': 'https://ss3.4sqi.net/img/categories_v2/food/indian_', 'suffix': '.png'}}]",6497,"{'address': '19 And 20, Manish Market, Pocket 2, Sector 11', 'address_extended': '1st Floor', 'country': 'IN', 'formatted_address': '19 And 20, Manish Market, Pocket 2, Sector 11, New Delhi 110075, Delhi', 'locality': 'New Delhi', 'neighborhood': ['Sector 11 Dwarka'], 'postcode': '110075', 'region': 'Delhi'}",Probashi,
73,b62c9fa196354f85269defff,"[{'id': 13199, 'name': 'Indian Restaurant', 'icon': {'prefix': 'https://ss3.4sqi.net/img/categories_v2/food/indian_', 'suffix': '.png'}}]",6631,"{'address': 'Shop 1, Manish Metro Plaza I, Pocket 5, Sector 12', 'address_extended': '3rd Floor', 'country': 'IN', 'formatted_address': 'Shop 1, Manish Metro Plaza I, Pocket 5, Sector 12, New Delhi 110078, Delhi', 'locality': 'New Delhi', 'neighborhood': ['Sector 12 Dwarka'], 'postcode': '110078', 'region': 'Delhi'}",Singla's,
74,f3ae8e99f8764fa239b33bb1,"[{'id': 13199, 'name': 'Indian Restaurant', 'icon': {'prefix': 'https://ss3.4sqi.net/img/categories_v2/food/indian_', 'suffix': '.png'}}]",6755,"{'address': 'G-1, Agrawal Square, Pocket 4, Plot 10, Sector 11', 'country': 'IN', 'formatted_address': 'G-1, Agrawal Square, Pocket 4, Plot 10, Sector 11, New Delhi 110075, Delhi', 'locality': 'New Delhi', 'neighborhood': ['Sector 11 Dwarka'], 'postcode': '110075', 'region': 'Delhi'}",Indian Bites Restaurant,
75,43f30231b0fe4346384c362c,"[{'id': 13199, 'name': 'Indian Restaurant', 'icon': {'prefix': 'https://ss3.4sqi.net/img/categories_v2/food/indian_', 'suffix': '.png'}}]",7037,"{'address': '33 Rama Park Road', 'address_extended': 'Near Om Shri Properties, Uttam', 'country': 'IN', 'formatted_address': '33 Rama Park Road, New Delhi 110059, Delhi', 'locality': 'New Delhi', 'neighborhood': ['Mohan Garden'], 'postcode': '110059', 'region': 'Delhi'}",Kush Eating Plaza,
76,31d701bec1b24ef0a9fa213c,"[{'id': 13199, 'name': 'Indian Restaurant', 'icon': {'prefix': 'https://ss3.4sqi.net/img/categories_v2/food/indian_', 'suffix': '.png'}}]",7550,"{'address': '14 Krishna Dda Market', 'address_extended': 'Near Metro Station, Sector 10', 'country': 'IN', 'formatted_address': '14 Krishna Dda Market, New Delhi 110075, Delhi', 'locality': 'New Delhi', 'neighborhood': ['Sector 10 Dwarka'], 'postcode': '110075', 'region': 'Delhi'}",Khopcha,
77,4ff85530e4b09751a7fa2db7,"[{'id': 13236, 'name': 'Italian Restaurant', 'icon': {'prefix': 'https://ss3.4sqi.net/img/categories_v2/food/italian_', 'suffix': '.png'}}]",6820,"{'address': 'Dwarka Sector 12', 'country': 'IN', 'cross_street': '', 'formatted_address': 'Dwarka Sector 12, New Delhi 110009, Delhi', 'locality': 'New Delhi', 'postcode': '110009', 'region': 'Delhi'}",Slice Of Italy Dwarka,Asia/Kolkata
78,d619be51109a4133c69eb3a8,"[{'id': 13236, 'name': 'Italian Restaurant', 'icon': {'prefix': 'https://ss3.4sqi.net/img/categories_v2/food/italian_', 'suffix': '.png'}}]",9036,"{'address': 'G- 106, Ramphal Chowk, Palam Extension, Dwarka', 'country': 'IN', 'formatted_address': 'G- 106, Ramphal Chowk, Palam Extension, Dwarka, 110075, Delhi', 'neighborhood': ['Dwarka'], 'postcode': '110075', 'region': 'Delhi'}",Fork N Knife,
79,4bf8bf7c5ec320a1175b89d3,"[{'id': 13064, 'name': 'Pizzeria', 'icon': {'prefix': 'https://ss3.4sqi.net/img/categories_v2/food/pizza_', 'suffix': '.png'}}, {'id': 13145, 'name': 'Fast Food Restaurant', 'icon': {'prefix': 'https://ss3.4sqi.net/img/categories_v2/food/fastfood_', 'suffix': '.png'}}]",9875,"{'address': 'C 135, Satyam Janak Palace, District Centre, Janakpuri', 'country': 'IN', 'cross_street': 'Janakpuri', 'formatted_address': 'C 135, Satyam Janak Palace, District Centre, Janakpuri (Janakpuri), New Delhi 110058, Delhi', 'locality': 'New Delhi', 'neighborhood': ['Janakpuri'], 'postcode': '110058', 'region': 'Delhi'}",Pizza Hut,Asia/Kolkata
80,52c58d50498e29012d1a8cb6,"[{'id': 13064, 'name': 'Pizzeria', 'icon': {'prefix': 'https://ss3.4sqi.net/img/categories_v2/food/pizza_', 'suffix': '.png'}}, {'id': 13145, 'name': 'Fast Food Restaurant', 'icon': {'prefix': 'https://ss3.4sqi.net/img/categories_v2/food/fastfood_', 'suffix': '.png'}}]",6378,"{'address': 'Hargur Tower', 'country': 'IN', 'cross_street': '', 'formatted_address': 'Hargur Tower, New Delhi 110059, Delhi', 'locality': 'New Delhi', 'postcode': '110059', 'region': 'Delhi'}",Domino's Pizza,Asia/Kolkata
81,5a4755b6123a19447fb483f3,"[{'id': 13145, 'name': 'Fast Food Restaurant', 'icon': {'prefix': 'https://ss3.4sqi.net/img/categories_v2/food/fastfood_', 'suffix': '.png'}}]",6107,"{'address': 'City Centre Mall', 'country': 'IN', 'cross_street': 'Ground Floor', 'formatted_address': 'City Centre Mall (Ground Floor), New Delhi 110075, Delhi', 'locality': 'New Delhi', 'postcode': '110075', 'region': 'Delhi'}",KFC,Asia/Kolkata
82,4cf0db6de3b9a093ad253b53,"[{'id': 13145, 'name': 'Fast Food Restaurant', 'icon': {'prefix': 'https://ss3.4sqi.net/img/categories_v2/food/fastfood_', 'suffix': '.png'}}]",9002,"{'address': 'Second 10', 'country': 'IN', 'cross_street': '', 'formatted_address': 'Second 10, New Delhi 941735, Delhi', 'locality': 'New Delhi', 'postcode': '941735', 'region': 'Delhi'}",KFC,Asia/Kolkata
83,506b2b61e4b00e0e73d3ca3f,"[{'id': 13031, 'name': 'Burger Joint', 'icon': {'prefix': 'https://ss3.4sqi.net/img/categories_v2/food/burger_', 'suffix': '.png'}}, {'id': 13145, 'name': 'Fast Food Restaurant', 'icon': {'prefix': 'https://ss3.4sqi.net/img/categories_v2/food/fastfood_', 'suffix': '.png'}}]",9869,"{'country': 'IN', 'cross_street': '', 'formatted_address': '941735', 'postcode': '941735'}",McDonald's,Asia/Kolkata
84,4e15e12745ddafda4c00d64d,"[{'id': 13064, 'name': 'Pizzeria', 'icon': {'prefix': 'https://ss3.4sqi.net/img/categories_v2/food/pizza_', 'suffix': '.png'}}, {'id': 13145, 'name': 'Fast Food Restaurant', 'icon': {'prefix': 'https://ss3.4sqi.net/img/categories_v2/food/fastfood_', 'suffix': '.png'}}]",6801,"{'address': 'Shop No. 8, G1 .And G2, Ground Floor, Krishna Tower, Plot No. 8, Ashirwad Chowk, Sector 12', 'address_extended': 'Unit 41', 'country': 'IN', 'cross_street': '', 'formatted_address': 'Shop No. 8, G1 .And G2, Ground Floor, Krishna Tower, Plot No. 8, Ashirwad Chowk, Sector 12, New Delhi 110075, Delhi', 'locality': 'New Delhi', 'neighborhood': ['Dwarka'], 'postcode': '110075', 'region': 'Delhi'}",Domino's Pizza,Asia/Kolkata
85,4ec86d0a9a52756c56e1cb08,"[{'id': 13031, 'name': 'Burger Joint', 'icon': {'prefix': 'https://ss3.4sqi.net/img/categories_v2/food/burger_', 'suffix': '.png'}}, {'id': 13145, 'name': 'Fast Food Restaurant', 'icon': {'prefix': 'https://ss3.4sqi.net/img/categories_v2/food/fastfood_', 'suffix': '.png'}}]",7277,"{'address': 'Sector 5-Pocket 1', 'country': 'IN', 'cross_street': '', 'formatted_address': 'Sector 5-Pocket 1, New Delhi 110075, Delhi', 'locality': 'New Delhi', 'postcode': '110075', 'region': 'Delhi'}",McDonald's,Asia/Kolkata
86,4ed9f3d002d5244e2feb0b30,"[{'id': 13145, 'name': 'Fast Food Restaurant', 'icon': {'prefix': 'https://ss3.4sqi.net/img/categories_v2/food/fastfood_', 'suffix': '.png'}}]",7093,"{'country': 'IN', 'cross_street': '', 'formatted_address': '941735', 'neighborhood': ['Dwarka'], 'postcode': '941735'}",KFC,Asia/Kolkata
87,4f8be679e4b0e6f34abf917b,"[{'id': 13145, 'name': 'Fast Food Restaurant', 'icon': {'prefix': 'https://ss3.4sqi.net/img/categories_v2/food/fastfood_', 'suffix': '.png'}}]",7260,"{'address': '5 Community Centre, Ground Floor', 'country': 'IN', 'cross_street': '', 'formatted_address': '5 Community Centre, Ground Floor, 110017', 'neighborhood': ['Saket'], 'postcode': '110017'}",Nirula's,Asia/Kolkata
88,4f8a7602e4b09efba278eda6,"[{'id': 13145, 'name': 'Fast Food Restaurant', 'icon': {'prefix': 'https://ss3.4sqi.net/img/categories_v2/food/fastfood_', 'suffix': '.png'}}]",7772,"{'country': 'IN', 'cross_street': '', 'formatted_address': '941735', 'postcode': '941735'}",Raja Sweets,Asia/Kolkata
89,50714368e4b0e0df92fa2ec1,"[{'id': 13064, 'name': 'Pizzeria', 'icon': {'prefix': 'https://ss3.4sqi.net/img/categories_v2/food/pizza_', 'suffix': '.png'}}, {'id': 13145, 'name': 'Fast Food Restaurant', 'icon': {'prefix': 'https://ss3.4sqi.net/img/categories_v2/food/fastfood_', 'suffix': '.png'}}]",8943,"{'address': 'Pvr Vikaspuri', 'country': 'IN', 'cross_street': '', 'formatted_address': 'Pvr Vikaspuri'}",Pizza Hut,Asia/Kolkata
90,9dad5ce5df3d46c8021659f6,"[{'id': 13064, 'name': 'Pizzeria', 'icon': {'prefix': 'https://ss3.4sqi.net/img/categories_v2/food/pizza_', 'suffix': '.png'}}, {'id': 13145, 'name': 'Fast Food Restaurant', 'icon': {'prefix': 'https://ss3.4sqi.net/img/categories_v2/food/fastfood_', 'suffix': '.png'}}]",2333,"{'country': 'IN', 'formatted_address': 'Najafgarh 606318, Delhi', 'locality': 'Najafgarh', 'postcode': '606318', 'region': 'Delhi'}",Domino's Pizza,
91,d54f59960c9b481b262cc66b,"[{'id': 13145, 'name': 'Fast Food Restaurant', 'icon': {'prefix': 'https://ss3.4sqi.net/img/categories_v2/food/fastfood_', 'suffix': '.png'}}]",2361,"{'address': 'Rz-20-21, Old Dichaon Khurd, Paprawat Road', 'address_extended': 'Near Post Office', 'country': 'IN', 'formatted_address': 'Rz-20-21, Old Dichaon Khurd, Paprawat Road, New Delhi 110043, Delhi', 'locality': 'New Delhi', 'neighborhood': ['Najafgarh'], 'postcode': '110043', 'region': 'Delhi'}",Burger Hut,
92,e40f7d29ebc54953241c5486,"[{'id': 13031, 'name': 'Burger Joint', 'icon': {'prefix': 'https://ss3.4sqi.net/img/categories_v2/food/burger_', 'suffix': '.png'}}, {'id': 13145, 'name': 'Fast Food Restaurant', 'icon': {'prefix': 'https://ss3.4sqi.net/img/categories_v2/food/fastfood_', 'suffix': '.png'}}]",4868,"{'address': 'Tilak', 'country': 'IN', 'formatted_address': 'Tilak, 110078, Delhi', 'neighborhood': ['Tilak Nagar'], 'postcode': '110078', 'region': 'Delhi'}",McDonald's,
93,c5571a86df854e79f42234b0,"[{'id': 13064, 'name': 'Pizzeria', 'icon': {'prefix': 'https://ss3.4sqi.net/img/categories_v2/food/pizza_', 'suffix': '.png'}}, {'id': 13145, 'name': 'Fast Food Restaurant', 'icon': {'prefix': 'https://ss3.4sqi.net/img/categories_v2/food/fastfood_', 'suffix': '.png'}}]",6085,"{'address': 'Dwarka City Centre', 'country': 'IN', 'formatted_address': 'Dwarka City Centre, 110075, Delhi', 'postcode': '110075', 'region': 'Delhi'}",Domino's Pizza,
94,02dc75f252514062ad9b7577,"[{'id': 13145, 'name': 'Fast Food Restaurant', 'icon': {'prefix': 'https://ss3.4sqi.net/img/categories_v2/food/fastfood_', 'suffix': '.png'}}]",6105,"{'address': 'City Centre Mall, Ground Floor, Food Court, Sector 12', 'country': 'IN', 'formatted_address': 'City Centre Mall, Ground Floor, Food Court, Sector 12, New Delhi 110078, Delhi', 'locality': 'New Delhi', 'neighborhood': ['Sector 12 Dwarka'], 'postcode': '110078', 'region': 'Delhi'}",Dominos,
95,25894965f0c2453b49ce9335,"[{'id': 13145, 'name': 'Fast Food Restaurant', 'icon': {'prefix': 'https://ss3.4sqi.net/img/categories_v2/food/fastfood_', 'suffix': '.png'}}]",6121,"{'address': 'City Centre Mall, Ground Floor, Food Court, Sector 12', 'country': 'IN', 'formatted_address': 'City Centre Mall, Ground Floor, Food Court, Sector 12, New Delhi 110078, Delhi', 'locality': 'New Delhi', 'neighborhood': ['Sector 12 Dwarka'], 'postcode': '110078', 'region': 'Delhi'}",Wow! Momo,
96,a3e92ae731e14f5a4baedf58,"[{'id': 13145, 'name': 'Fast Food Restaurant', 'icon': {'prefix': 'https://ss3.4sqi.net/img/categories_v2/food/fastfood_', 'suffix': '.png'}}]",6134,"{'address': 'City Centre Mall, Ground Floor, Food Court, Sector 12', 'country': 'IN', 'formatted_address': 'City Centre Mall, Ground Floor, Food Court, Sector 12, New Delhi 110078, Delhi', 'locality': 'New Delhi', 'neighborhood': ['Sector 12 Dwarka'], 'postcode': '110078', 'region': 'Delhi'}",Taco Bell,
97,7ce04435e8c346e2c370b7d3,"[{'id': 13039, 'name': 'Deli', 'icon': {'prefix': 'https://ss3.4sqi.net/img/categories_v2/food/deli_', 'suffix': '.png'}}, {'id': 13145, 'name': 'Fast Food Restaurant', 'icon': {'prefix': 'https://ss3.4sqi.net/img/categories_v2/food/fastfood_', 'suffix': '.png'}}]",6317,"{'address': 'C-47/48, Nawada Housing Complex, Dwarka Mor, Uttam', 'country': 'IN', 'formatted_address': 'C-47/48, Nawada Housing Complex, Dwarka Mor, Uttam, New Delhi 110059, Delhi', 'locality': 'New Delhi', 'neighborhood': ['Bhagwati Garden Extension'], 'postcode': '110059', 'region': 'Delhi'}",Subway,
98,0151899305134e9675d42d9f,"[{'id': 13145, 'name': 'Fast Food Restaurant', 'icon': {'prefix': 'https://ss3.4sqi.net/img/categories_v2/food/fastfood_', 'suffix': '.png'}}]",6410,"{'address': 'Shop No G 10, Manish Metro Plaza No 6, Sector No 12, K M', 'country': 'IN', 'formatted_address': 'Shop No G 10, Manish Metro Plaza No 6, Sector No 12, K M, 110075, Delhi', 'neighborhood': ['Dwarka'], 'postcode': '110075', 'region': 'Delhi'}",Neeru's Grill's,
